site_name,sitemap_url
Afghanistan,https://afghanistan.mimusjobs.com/sitemap_index.xml
Albania,https://albania.mimusjobs.com/sitemap_index.xml
Algeria,https://algeria.mimusjobs.com/sitemap_index.xml
Andorra,https://andorra.mimusjobs.com/sitemap_index.xml
Angola,https://angola.mimusjobs.com/sitemap_index.xml
Antiguaandbarbuda,https://antiguaandbarbuda.mimusjobs.com/sitemap_index.xml
Argentina,https://argentina.mimusjobs.com/sitemap_index.xml
Armenia,https://armenia.mimusjobs.com/sitemap_index.xml
Austria,https://austria.mimusjobs.com/sitemap_index.xml
Azerbaijan,https://azerbaijan.mimusjobs.com/sitemap_index.xml
Bahamas,https://bahamas.mimusjobs.com/sitemap_index.xml
Bahrain,https://bahrain.mimusjobs.com/sitemap_index.xml
Bangladesh,https://bangladesh.mimusjobs.com/sitemap_index.xml
Barbados,https://barbados.mimusjobs.com/sitemap_index.xml
Belgium,https://belgium.mimusjobs.com/sitemap_index.xml
Belize,https://belize.mimusjobs.com/sitemap_index.xml
Benin,https://benin.mimusjobs.com/sitemap_index.xml
Bolivia,https://bolivia.mimusjobs.com/sitemap_index.xml
Botswana,https://botswana.mimusjobs.com/sitemap_index.xml
Brazil,https://brazil.mimusjobs.com/sitemap_index.xml
Brunei,https://brunei.mimusjobs.com/sitemap_index.xml
Burma,https://burma.mimusjobs.com/sitemap_index.xml
Burundi,https://burundi.mimusjobs.com/sitemap_index.xml
Cambodia,https://cambodia.mimusjobs.com/sitemap_index.xml
Cameroon,https://cameroon.mimusjobs.com/sitemap_index.xml
Canada,https://canada.mimusjobs.com/sitemap_index.xml
Capeverde,https://capeverde.mimusjobs.com/sitemap_index.xml
Centralafricanrepublic,https://centralafricanrepublic.mimusjobs.com/sitemap_index.xml
Chad,https://chad.mimusjobs.com/sitemap_index.xml
Chile,https://chile.mimusjobs.com/sitemap_index.xml
Colombia,https://colombia.mimusjobs.com/sitemap_index.xml
Comoros,https://comoros.mimusjobs.com/sitemap_index.xml
Congo,https://congo.mimusjobs.com/sitemap_index.xml
Congobrazzaville,https://congobrazzaville.mimusjobs.com/sitemap_index.xml
Costarica,https://costarica.mimusjobs.com/sitemap_index.xml
Cotedivoire,https://cotedIvoire.mimusjobs.com/sitemap_index.xml
Cotedivoire,https://cotedivoire.mimusjobs.com/sitemap_index.xml
Croatia,https://croatia.mimusjobs.com/sitemap_index.xml
Cuba,https://cuba.mimusjobs.com/sitemap_index.xml
Cyprus,https://cyprus.mimusjobs.com/sitemap_index.xml
Czechia,https://czechia.mimusjobs.com/sitemap_index.xml
Denmark,https://denmark.mimusjobs.com/sitemap_index.xml
Djibouti,https://djibouti.mimusjobs.com/sitemap_index.xml
Dominica,https://dominica.mimusjobs.com/sitemap_index.xml
Dominicanrepublic,https://dominicanrepublic.mimusjobs.com/sitemap_index.xml
Ecuador,https://ecuador.mimusjobs.com/sitemap_index.xml
Egypt,https://egypt.mimusjobs.com/sitemap_index.xml
Elsalvador,https://elsalvador.mimusjobs.com/sitemap_index.xml
Equatorialguinea,https://equatorialguinea.mimusjobs.com/sitemap_index.xml
Eritrea,https://eritrea.mimusjobs.com/sitemap_index.xml
Estonia,https://estonia.mimusjobs.com/sitemap_index.xml
Ethiopia,https://ethiopia.mimusjobs.com/sitemap_index.xml
Fiji,https://fiji.mimusjobs.com/sitemap_index.xml
Finland,https://finland.mimusjobs.com/sitemap_index.xml
France,https://france.mimusjobs.com/sitemap_index.xml
Gabon,https://gabon.mimusjobs.com/sitemap_index.xml
Gambia,https://gambia.mimusjobs.com/sitemap_index.xml
Georgia,https://georgia.mimusjobs.com/sitemap_index.xml
Germany,https://germany.mimusjobs.com/sitemap_index.xml
Ghana,https://ghana.mimusjobs.com/sitemap_index.xml
Greece,https://greece.mimusjobs.com/sitemap_index.xml
Grenada,https://grenada.mimusjobs.com/sitemap_index.xml
Guatemala,https://guatemala.mimusjobs.com/sitemap_index.xml
Guinea,https://guinea.mimusjobs.com/sitemap_index.xml
Guineabissau,https://guineabissau.mimusjobs.com/sitemap_index.xml
Guyana,https://guyana.mimusjobs.com/sitemap_index.xml
Haiti,https://haiti.mimusjobs.com/sitemap_index.xml
Honduras,https://honduras.mimusjobs.com/sitemap_index.xml
Hongkong,https://hongkong.mimusjobs.com/sitemap_index.xml
Hungary,https://hungary.mimusjobs.com/sitemap_index.xml
India,https://india.mimusjobs.com/sitemap_index.xml
Indonesia,https://indonesia.mimusjobs.com/sitemap_index.xml
Iran,https://iran.mimusjobs.com/sitemap_index.xml
Iraq,https://iraq.mimusjobs.com/sitemap_index.xml
Ireland,https://ireland.mimusjobs.com/sitemap_index.xml
Israel,https://israel.mimusjobs.com/sitemap_index.xml
Italy,https://italy.mimusjobs.com/sitemap_index.xml
Jamaica,https://jamaica.mimusjobs.com/sitemap_index.xml
Japan,https://japan.mimusjobs.com/sitemap_index.xml
Jordan,https://jordan.mimusjobs.com/sitemap_index.xml
Kazakhstan,https://kazakhstan.mimusjobs.com/sitemap_index.xml
Kenya,https://kenya.mimusjobs.com/sitemap_index.xml
Kosovo,https://kosovo.mimusjobs.com/sitemap_index.xml
Kuwait,https://kuwait.mimusjobs.com/sitemap_index.xml
Kyrgyzstan,https://kyrgyzstan.mimusjobs.com/sitemap_index.xml
Laos,https://laos.mimusjobs.com/sitemap_index.xml
Latvia,https://latvia.mimusjobs.com/sitemap_index.xml
Lebanon,https://lebanon.mimusjobs.com/sitemap_index.xml
Liberia,https://liberia.mimusjobs.com/sitemap_index.xml
Libya,https://libya.mimusjobs.com/sitemap_index.xml
Liechtenstein,https://liechtenstein.mimusjobs.com/sitemap_index.xml
Lithuania,https://lithuania.mimusjobs.com/sitemap_index.xml
Luxembourg,https://luxembourg.mimusjobs.com/sitemap_index.xml
Macao,https://macao.mimusjobs.com/sitemap_index.xml
Macedonia,https://macedonia.mimusjobs.com/sitemap_index.xml
Madagascar,https://madagascar.mimusjobs.com/sitemap_index.xml
Malawi,https://malawi.mimusjobs.com/sitemap_index.xml
Malaysia,https://malaysia.mimusjobs.com/sitemap_index.xml
Maldives,https://maldives.mimusjobs.com/sitemap_index.xml
Mali,https://mali.mimusjobs.com/sitemap_index.xml
Malta,https://malta.mimusjobs.com/sitemap_index.xml
Marshallislands,https://marshallislands.mimusjobs.com/sitemap_index.xml
Mauritania,https://mauritania.mimusjobs.com/sitemap_index.xml
Mauritius,https://mauritius.mimusjobs.com/sitemap_index.xml
Mexico,https://mexico.mimusjobs.com/sitemap_index.xml
Micronesia,https://micronesia.mimusjobs.com/sitemap_index.xml
Mimusjobs,https://mimusjobs.com/sitemap_index.xml
Moldova,https://moldova.mimusjobs.com/sitemap_index.xml
Monaco,https://monaco.mimusjobs.com/sitemap_index.xml
Mongolia,https://mongolia.mimusjobs.com/sitemap_index.xml
Morocco,https://morocco.mimusjobs.com/sitemap_index.xml
Mozambique,https://mozambique.mimusjobs.com/sitemap_index.xml
Myanmar,https://myanmar.mimusjobs.com/sitemap_index.xml
Namibia,https://namibia.mimusjobs.com/sitemap_index.xml
Nauru,https://nauru.mimusjobs.com/sitemap_index.xml
Nepal,https://nepal.mimusjobs.com/sitemap_index.xml
Netherlands,https://netherlands.mimusjobs.com/sitemap_index.xml
Newezaland,https://newezaland.mimusjobs.com/sitemap_index.xml
Nicaragua,https://nicaragua.mimusjobs.com/sitemap_index.xml
Niger,https://niger.mimusjobs.com/sitemap_index.xml
Nigeria,https://nigeria.mimusjobs.com/sitemap_index.xml
Niue,https://niue.mimusjobs.com/sitemap_index.xml
Norway,https://norway.mimusjobs.com/sitemap_index.xml
Oman,https://oman.mimusjobs.com/sitemap_index.xml
Pakistan,https://pakistan.mimusjobs.com/sitemap_index.xml
Palau,https://palau.mimusjobs.com/sitemap_index.xml
Panama,https://panama.mimusjobs.com/sitemap_index.xml
Papuanewguinea,https://papuanewguinea.mimusjobs.com/sitemap_index.xml
Paraguay,https://paraguay.mimusjobs.com/sitemap_index.xml
Peru,https://peru.mimusjobs.com/sitemap_index.xml
Philippines,https://philippines.mimusjobs.com/sitemap_index.xml
Poland,https://poland.mimusjobs.com/sitemap_index.xml
Portugal,https://portugal.mimusjobs.com/sitemap_index.xml
Qatar,https://qatar.mimusjobs.com/sitemap_index.xml
Romania,https://romania.mimusjobs.com/sitemap_index.xml
Russia,https://russia.mimusjobs.com/sitemap_index.xml
Rwanda,https://rwanda.mimusjobs.com/sitemap_index.xml
Saintlucia,https://saintlucia.mimusjobs.com/sitemap_index.xml
Samoa,https://samoa.mimusjobs.com/sitemap_index.xml
Sanmarino,https://sanmarino.mimusjobs.com/sitemap_index.xml
Saotomeandprincipe,https://saotomeandprincipe.mimusjobs.com/sitemap_index.xml
Saudiarabia,https://saudiarabia.mimusjobs.com/sitemap_index.xml
Senegal,https://senegal.mimusjobs.com/sitemap_index.xml
Serbia,https://serbia.mimusjobs.com/sitemap_index.xml
Seychelles,https://seychelles.mimusjobs.com/sitemap_index.xml
Sierraleone,https://sierraleone.mimusjobs.com/sitemap_index.xml
Singapore,https://singapore.mimusjobs.com/sitemap_index.xml
Slovakia,https://slovakia.mimusjobs.com/sitemap_index.xml
Slovenia,https://slovenia.mimusjobs.com/sitemap_index.xml
Solomonislands,https://solomonislands.mimusjobs.com/sitemap_index.xml
Somalia,https://somalia.mimusjobs.com/sitemap_index.xml
Southafrica,https://southafrica.mimusjobs.com/sitemap_index.xml
Southkorea,https://southkorea.mimusjobs.com/sitemap_index.xml
Southsudan,https://southsudan.mimusjobs.com/sitemap_index.xml
Spain,https://spain.mimusjobs.com/sitemap_index.xml
Srilanka,https://srilanka.mimusjobs.com/sitemap_index.xml
Sudan,https://sudan.mimusjobs.com/sitemap_index.xml
Suriname,https://suriname.mimusjobs.com/sitemap_index.xml
Switzerland,https://switzerland.mimusjobs.com/sitemap_index.xml
Syria,https://syria.mimusjobs.com/sitemap_index.xml
Taiwan,https://taiwan.mimusjobs.com/sitemap_index.xml
Tajikistan,https://tajikistan.mimusjobs.com/sitemap_index.xml
Tanzania,https://tanzania.mimusjobs.com/sitemap_index.xml
Thailand,https://thailand.mimusjobs.com/sitemap_index.xml
Timorleste,https://timorleste.mimusjobs.com/sitemap_index.xml
Togo,https://togo.mimusjobs.com/sitemap_index.xml
Tonga,https://tonga.mimusjobs.com/sitemap_index.xml
Trinidadandtobago,https://trinidadandtobago.mimusjobs.com/sitemap_index.xml
Tunisia,https://tunisia.mimusjobs.com/sitemap_index.xml
Turkey,https://turkey.mimusjobs.com/sitemap_index.xml
Turkmenistan,https://turkmenistan.mimusjobs.com/sitemap_index.xml
Tuvalu,https://tuvalu.mimusjobs.com/sitemap_index.xml
Uae,https://uae.mimusjobs.com/sitemap_index.xml
Uganda,https://uganda.mimusjobs.com/sitemap_index.xml
Ukraine,https://ukraine.mimusjobs.com/sitemap_index.xml
Uruguay,https://uruguay.mimusjobs.com/sitemap_index.xml
Usa,https://usa.mimusjobs.com/sitemap_index.xml
Uzbekistan,https://uzbekistan.mimusjobs.com/sitemap_index.xml
Vanuatu,https://vanuatu.mimusjobs.com/sitemap_index.xml
Venezuela,https://venezuela.mimusjobs.com/sitemap_index.xml
Vietnam,https://vietnam.mimusjobs.com/sitemap_index.xml
Yemen,https://yemen.mimusjobs.com/sitemap_index.xml
Zambia,https://zambia.mimusjobs.com/sitemap_index.xml
Zimbabwe,https://zimbabwe.mimusjobs.com/sitemap_index.xml
